close,macd,rsi,target
221.0,-3.9,48.51,1
221.0,0.09,53.38,1
217.0,2.07,45.49,0
224.0,2.77,59.07,1
218.0,-2.35,39.23,0
224.0,-5.14,45.62,0
219.0,4.37,57.93,1
220.0,-2.37,47.57,0
219.0,2.11,47.99,1
218.0,-5.87,47.56,0
225.0,5.28,54.8,1
217.0,-2.34,48.56,0
217.0,-1.87,50.95,0
216.0,-3.1,40.85,0
220.0,1.76,55.67,1
217.0,0.03,44.38,0
226.0,-1.99,45.17,0
224.0,1.78,59.67,1
224.0,-0.86,48.61,0
222.0,-5.16,47.67,0
220.0,-0.92,44.75,1
221.0,2.31,49.17,1
222.0,-0.6,54.64,0
222.0,1.86,46.63,1
223.0,1.67,54.73,1
220.0,3.0,50.42,0
224.0,1.61,56.59,0
221.0,1.01,48.87,1
221.0,2.09,51.19,1
216.0,-7.31,42.65,0
222.0,-0.11,53.05,1
222.0,-0.48,61.04,0
223.0,1.79,50.61,1
220.0,-3.21,44.62,0
225.0,-0.06,41.17,1
221.0,1.69,46.99,1
214.0,1.34,44.9,0
218.0,-2.77,43.59,0
220.0,-1.88,47.79,1
219.0,4.78,60.29,1
220.0,2.78,49.27,0
220.0,4.65,52.66,0
222.0,2.62,51.59,0
220.0,-0.02,45.55,0
225.0,1.57,60.13,1
216.0,-0.05,48.45,0
217.0,0.55,54.26,1
218.0,-3.13,44.82,0
220.0,-0.95,51.59,1
218.0,0.72,45.21,0
216.0,-2.25,51.63,1
212.0,-0.58,56.2,0
224.0,3.97,56.39,1
221.0,0.85,55.17,0
217.0,1.4,49.39,0
223.0,5.68,63.76,1
218.0,-0.66,53.11,0
221.0,-5.0,49.01,0
219.0,2.37,53.3,1
217.0,-2.92,39.31,0
218.0,3.0,55.77,1
218.0,1.08,51.08,0
222.0,2.79,50.59,1
221.0,0.37,45.22,1
225.0,0.06,47.87,0
222.0,-6.48,36.28,0
222.0,-0.39,45.27,1
215.0,-4.54,50.73,0
223.0,-1.99,48.86,1
218.0,2.47,48.92,0
220.0,-1.42,54.19,1
222.0,5.38,57.49,1
219.0,5.18,54.68,0
220.0,-2.9,44.08,0
218.0,-7.47,42.05,0
222.0,-1.46,44.94,1
220.0,-1.65,51.73,0
222.0,-1.94,40.83,0
222.0,2.46,56.27,1
218.0,1.34,52.75,0
220.0,-4.66,44.35,0
219.0,1.11,52.88,1
228.0,2.32,49.91,1
222.0,-2.84,46.51,0
220.0,-3.72,49.62,1
217.0,-2.44,52.64,0
218.0,1.15,53.63,1
224.0,-4.26,46.94,0
222.0,3.73,50.2,1
216.0,-3.05,47.39,0
225.0,4.83,53.31,1
221.0,-0.6,51.37,0
215.0,3.6,48.63,1
222.0,-1.12,52.78,0
217.0,3.56,46.92,1
217.0,2.14,55.55,1
216.0,1.81,54.39,0
220.0,0.03,49.21,0
221.0,-6.0,48.13,0
223.0,3.25,51.26,1
221.0,-2.94,50.04,0
220.0,4.03,54.53,1
218.0,-4.03,41.4,1
222.0,-3.06,44.5,0
219.0,2.54,47.52,1
220.0,4.11,53.16,1
222.0,0.49,52.98,0
222.0,-0.11,40.79,0
218.0,4.12,54.13,1
219.0,-0.44,48.51,0
221.0,-2.15,52.58,1
221.0,4.46,56.73,1
220.0,2.04,58.26,0
222.0,1.68,50.1,0
223.0,-4.83,41.2,0
217.0,-2.81,49.46,1
221.0,-1.76,46.73,1
223.0,-0.59,46.51,1
221.0,1.48,54.15,0
224.0,-3.1,43.41,0
218.0,4.91,50.4,1
224.0,7.84,58.02,1
221.0,-5.38,48.25,0
221.0,-1.73,50.71,1
220.0,1.26,44.99,1
224.0,1.89,54.45,1
220.0,2.81,49.56,0
215.0,-2.08,50.46,0
221.0,4.3,53.69,1
220.0,-2.49,44.48,0
220.0,-1.84,44.14,1
222.0,-0.62,50.12,1
222.0,-1.2,54.62,1
222.0,5.03,50.75,0
218.0,-2.41,57.14,0
219.0,4.55,56.27,1
221.0,-0.65,58.82,0
222.0,-0.2,45.12,0
221.0,-1.81,49.87,1
220.0,1.0,47.15,1
219.0,2.71,54.73,1
220.0,-2.26,50.17,0
223.0,4.3,56.52,1
216.0,-5.62,42.33,0
222.0,1.0,56.85,1
221.0,-5.49,50.21,0
217.0,-3.99,44.78,0
216.0,4.68,50.24,1
221.0,1.78,51.94,1
223.0,2.89,49.84,0
225.0,-0.22,46.64,1
220.0,-2.41,49.86,0
218.0,-5.56,48.52,0
214.0,3.7,55.02,1
224.0,2.55,52.35,1
221.0,1.43,48.74,0
225.0,3.15,53.27,1
218.0,-2.31,49.97,0
217.0,-2.03,52.17,0
219.0,0.0,48.15,1
222.0,0.32,53.19,1
225.0,-7.91,48.41,0
222.0,-1.39,45.05,0
220.0,-4.71,45.41,1
220.0,1.32,54.05,1
223.0,-2.31,46.76,0
219.0,2.51,56.74,1
217.0,4.69,53.84,1
217.0,-4.11,45.83,0
220.0,2.96,49.04,1
219.0,-3.43,50.48,0
221.0,-6.45,48.11,0
219.0,2.45,51.04,1
219.0,-0.48,48.15,0
220.0,1.83,57.48,0
223.0,-6.44,44.6,0
219.0,-0.39,46.1,1
225.0,-1.21,50.59,1
222.0,-0.25,52.51,1
216.0,1.0,54.46,1
219.0,1.82,54.7,1
226.0,1.55,49.84,0
219.0,-0.25,47.98,0
219.0,-2.45,46.94,0
221.0,1.11,49.3,1
220.0,-3.81,48.44,0
216.0,2.97,54.49,1
221.0,0.15,45.31,0
221.0,-0.81,48.22,1
221.0,-2.47,51.99,1
223.0,-1.17,45.13,0
222.0,2.15,56.42,1
215.0,-0.3,50.1,0
219.0,1.48,47.02,1
223.0,-1.88,50.53,0
227.0,1.28,51.32,1
218.0,-2.42,48.19,0
223.0,-5.56,46.68,0
215.0,-0.63,49.33,0
219.0,-3.72,56.74,1
217.0,-4.63,48.91,0
223.0,0.39,50.81,1
221.0,-2.89,50.51,0
222.0,-1.19,40.99,0
218.0,0.71,49.77,1
218.0,-1.05,45.25,0
219.0,-4.54,41.84,1
218.0,0.25,46.49,1
213.0,-4.46,44.46,0
220.0,2.22,44.5,1
219.0,-1.44,53.36,0
218.0,-3.11,45.83,1
218.0,-1.15,46.41,0
213.0,2.63,50.79,1
218.0,-1.02,56.24,0
217.0,-3.93,42.4,0
222.0,-0.77,50.25,1
226.0,-6.43,47.4,0
221.0,-6.05,43.04,0
215.0,2.06,47.21,1
218.0,4.29,57.3,1
215.0,-0.58,41.37,0
220.0,2.29,52.89,1
227.0,-2.04,47.64,0
221.0,1.43,44.91,1
221.0,-2.0,41.66,0
221.0,-1.86,44.98,1
220.0,-8.18,41.72,0
219.0,0.83,52.09,1
221.0,3.4,52.35,1
221.0,0.77,41.72,0
220.0,-1.77,54.0,1
215.0,1.63,48.46,1
219.0,-5.59,47.21,0
216.0,-2.17,46.57,1
219.0,-0.01,53.24,1
216.0,-0.41,49.01,0
220.0,0.62,47.12,1
218.0,-4.58,49.91,0
220.0,1.45,52.81,1
220.0,4.0,57.26,1
219.0,0.79,53.89,0
218.0,1.0,50.9,0
221.0,-0.71,57.3,1
222.0,-0.28,55.39,0
221.0,-5.22,45.35,0
221.0,1.11,50.02,1
220.0,-1.17,52.6,0
218.0,-1.47,40.58,0
218.0,5.17,54.78,1
222.0,2.48,49.15,0
222.0,-8.14,42.31,0
221.0,3.63,53.66,1
219.0,-3.88,45.48,0
224.0,3.54,46.14,1
215.0,0.94,42.66,0
221.0,-5.27,45.18,0
222.0,0.7,52.44,1
220.0,-1.6,53.16,0
222.0,-1.43,49.48,1
220.0,-0.63,46.42,1
219.0,-4.74,44.98,0
222.0,-3.19,49.7,1
216.0,0.1,45.08,0
220.0,-5.49,49.47,0
219.0,1.59,57.63,1
221.0,0.88,51.39,0
221.0,-5.28,48.41,0
222.0,-5.3,46.98,0
221.0,-3.34,41.62,1
215.0,-4.44,47.34,1
218.0,0.82,48.43,1
219.0,-0.42,47.72,0
223.0,4.58,63.28,1
219.0,5.59,51.3,0
223.0,-4.58,49.41,0
218.0,5.78,52.92,1
222.0,-0.86,46.25,0
218.0,-0.36,51.7,0
219.0,-4.89,50.57,0
219.0,6.07,52.78,1
214.0,-0.39,44.98,0
217.0,-1.25,52.96,1
218.0,-3.5,44.91,0
223.0,-2.31,42.33,1
217.0,-3.61,48.94,0
222.0,-4.04,43.57,1
220.0,-0.03,45.46,0
220.0,-1.0,54.94,1
220.0,-2.35,50.52,0
222.0,-0.08,55.62,1
222.0,0.75,52.93,1
219.0,-1.39,44.89,0
219.0,-4.27,46.88,1
219.0,0.41,45.18,1
220.0,0.82,54.21,1
222.0,5.44,60.26,1
220.0,-0.05,55.13,0
217.0,2.57,47.95,1
221.0,5.51,58.2,1
222.0,-2.73,50.84,0
218.0,-1.25,46.66,1
217.0,3.92,49.53,1
217.0,-2.46,53.38,0
220.0,-2.76,50.88,1
224.0,2.99,52.03,1
219.0,-2.4,52.35,0
219.0,0.26,54.13,0
215.0,-0.28,52.74,0
218.0,1.45,49.29,1
222.0,-2.08,51.04,0
226.0,1.25,51.26,1
221.0,-0.81,52.54,0
218.0,-2.92,40.13,0
222.0,0.76,49.61,1
218.0,-0.33,49.6,1
224.0,0.88,44.44,0
220.0,-0.76,48.21,1
214.0,-0.36,56.36,1
223.0,1.35,44.75,1
220.0,-0.63,48.62,0
217.0,-0.78,41.84,0
218.0,-1.38,47.88,1
222.0,-0.14,54.04,1
217.0,1.7,51.01,0
220.0,2.59,47.59,0
219.0,-3.69,48.12,0
219.0,0.42,53.4,1
221.0,3.17,54.75,1
224.0,-0.83,44.16,0
222.0,-5.94,40.66,0
221.0,-0.87,48.61,1
213.0,0.94,54.12,0
218.0,-0.41,49.84,1
219.0,-5.66,39.17,0
218.0,-2.98,54.1,1
218.0,-4.07,52.01,1
215.0,-0.97,48.89,0
220.0,1.35,54.0,1
217.0,0.03,54.63,0
221.0,2.1,51.9,1
221.0,-1.2,55.12,0
216.0,3.14,55.19,1
221.0,2.64,49.08,0
221.0,-7.35,44.33,0
223.0,-1.2,57.95,1
220.0,-0.62,53.98,0
221.0,4.18,52.32,1
216.0,-3.06,50.43,0
218.0,3.61,58.3,1
220.0,-0.61,45.82,0
219.0,-2.15,38.8,0
218.0,-2.67,48.21,1
218.0,0.81,48.41,1
216.0,5.16,62.56,1
217.0,-2.0,48.4,0
218.0,-1.39,42.02,0
216.0,2.46,55.3,1
221.0,-4.09,43.38,0
220.0,5.28,51.16,1
217.0,2.55,49.69,0
220.0,-0.05,43.35,1
220.0,-5.43,47.56,0
221.0,0.53,55.47,1
223.0,-2.65,48.35,0
218.0,-3.54,36.22,0
218.0,1.2,51.43,1
221.0,-0.61,50.78,0
224.0,4.58,59.18,1
216.0,0.59,51.4,0
221.0,-3.88,43.94,0
229.0,-4.14,47.76,1
225.0,-4.83,51.48,1
222.0,0.45,56.25,1
215.0,-0.19,49.84,0
220.0,-3.33,49.16,0
219.0,0.61,51.49,1
220.0,-0.79,47.67,1
223.0,6.68,66.76,1
219.0,1.78,55.54,0
220.0,2.35,60.09,0
216.0,0.4,47.96,0
214.0,-5.15,44.87,0
218.0,1.62,47.22,1
221.0,-4.5,47.52,0
215.0,-0.02,48.23,1
221.0,5.48,52.08,1
226.0,-0.96,49.98,0
219.0,0.54,44.54,0
221.0,-0.77,50.44,1
217.0,4.4,56.66,1
217.0,0.13,52.05,0
219.0,-0.84,42.14,0
219.0,-3.07,48.04,0
222.0,4.34,57.15,1
218.0,-0.52,54.12,1
220.0,-2.7,48.08,0
217.0,-1.23,41.71,0
220.0,-4.19,43.28,0
223.0,3.04,50.53,1
224.0,3.24,47.99,0
220.0,-0.89,51.05,0
219.0,4.04,55.48,1
221.0,0.21,48.11,0
216.0,1.08,51.89,1
221.0,-1.85,49.77,0
225.0,2.05,51.65,1
223.0,-1.33,49.98,0
222.0,4.61,52.13,1
215.0,0.84,51.61,0
221.0,3.89,53.4,1
216.0,1.09,56.75,0
218.0,0.0,49.99,1
218.0,-1.36,46.27,0
225.0,4.59,51.13,1
225.0,0.07,52.27,0
221.0,-1.32,39.05,0
222.0,0.73,52.54,1
218.0,-0.43,48.8,0
220.0,-4.64,44.57,0
222.0,4.16,52.52,1
222.0,-4.36,37.05,0
224.0,1.12,49.62,1
217.0,5.2,49.94,1
219.0,5.05,51.9,0
223.0,-5.51,40.48,0
219.0,-4.06,39.43,1
221.0,4.49,56.61,1
223.0,0.96,51.25,0
217.0,2.63,48.29,1
214.0,-0.39,46.58,0
224.0,0.64,51.58,1
224.0,0.25,52.67,1
223.0,0.0,52.9,0
222.0,-1.18,45.63,0
220.0,-2.78,58.18,1
225.0,-3.82,45.42,0
223.0,4.2,60.81,1
221.0,-1.01,48.65,0
221.0,-1.3,45.47,1
217.0,-2.63,45.45,0
224.0,-2.94,50.87,1
220.0,1.04,54.5,1
226.0,-2.78,50.72,0
220.0,-1.5,46.13,0
218.0,2.46,51.83,1
222.0,-4.22,49.64,0
221.0,5.87,49.27,1
218.0,-1.48,48.05,0
218.0,0.67,46.09,1
223.0,1.67,48.08,1
222.0,1.0,49.47,1
222.0,-0.82,50.5,0
220.0,1.31,54.88,1
216.0,1.4,49.7,0
222.0,0.22,53.41,0
215.0,1.67,53.46,0
218.0,1.96,48.75,1
224.0,2.8,56.06,1
218.0,2.81,51.39,0
225.0,1.44,49.86,0
226.0,1.54,51.19,1
221.0,5.88,55.98,1
219.0,0.25,49.69,0
220.0,1.14,49.68,1
222.0,-1.84,48.94,0
217.0,2.38,62.17,1
221.0,5.73,55.12,1
219.0,-3.39,49.52,0
224.0,-2.01,49.91,1
220.0,-0.33,46.29,1
221.0,1.15,54.89,1
219.0,-1.14,48.65,0
219.0,-6.13,45.39,0
217.0,3.42,58.5,1
223.0,-2.53,53.04,0
217.0,-2.04,51.39,0
217.0,2.34,49.89,0
219.0,-1.56,51.01,0
218.0,-0.11,55.87,1
216.0,5.13,66.81,1
216.0,-0.98,44.79,0
217.0,-1.37,46.27,1
217.0,1.93,44.64,1
221.0,-1.54,49.15,0
221.0,3.77,47.45,1
218.0,-1.88,49.43,0
216.0,3.9,54.57,1
219.0,0.55,53.83,0
218.0,-0.46,43.02,0
223.0,1.53,55.49,1
219.0,-4.14,49.15,0
222.0,1.03,53.12,1
222.0,-2.76,49.25,0
221.0,2.76,50.74,1
222.0,2.1,50.08,1
225.0,3.24,48.45,0
222.0,-7.21,47.03,0
219.0,-0.87,46.17,1
217.0,2.66,50.84,1
218.0,-4.54,48.43,0
220.0,-2.01,52.0,1
222.0,1.36,47.82,0
217.0,1.33,47.93,0
221.0,2.0,52.61,1
220.0,5.4,59.92,1
220.0,-0.69,48.85,0
221.0,-3.24,42.06,0
218.0,-2.44,48.69,1
214.0,3.24,56.11,1
222.0,1.24,51.56,0
218.0,-1.62,51.47,0
219.0,-0.53,50.3,1
221.0,4.15,47.63,0
222.0,3.44,49.92,1
215.0,-0.54,53.13,0
217.0,0.74,48.6,0
219.0,1.98,50.1,1
226.0,-5.48,39.58,0
216.0,0.53,50.49,1
224.0,-3.01,51.76,0
221.0,-1.52,52.8,1
217.0,0.67,51.49,0
217.0,1.11,49.73,1
217.0,0.88,53.74,1
221.0,-3.15,49.04,0
220.0,0.12,55.29,1
218.0,-0.83,51.3,0
222.0,0.82,48.47,1
223.0,-3.71,48.08,0
219.0,-0.15,46.27,0
219.0,4.79,56.23,1
219.0,-4.11,47.5,0
231.0,-4.12,49.72,1
221.0,0.01,45.11,0
217.0,3.32,53.42,1
221.0,2.42,55.75,1
223.0,-1.37,50.27,0
220.0,3.13,48.61,0
217.0,2.38,53.54,0
219.0,6.32,58.02,1
218.0,-2.1,44.87,0
214.0,1.42,52.75,1
215.0,-5.22,44.83,0
221.0,0.36,50.03,1
224.0,4.41,59.7,1
222.0,-5.31,45.88,0
216.0,-0.95,51.39,1
215.0,4.55,54.16,1
216.0,3.1,57.63,0
224.0,-3.22,47.23,0
218.0,-2.44,49.61,1
217.0,4.29,52.52,1
219.0,1.07,50.37,1
219.0,3.91,53.81,0
220.0,-0.63,47.5,0
220.0,-3.02,45.86,0
220.0,-0.42,53.82,1
222.0,-6.66,43.97,0
217.0,0.31,52.3,1
220.0,-1.58,51.06,1
216.0,2.15,50.41,0
220.0,-1.3,47.74,0
227.0,2.57,47.22,1
223.0,0.9,48.01,1
218.0,4.35,53.44,1
222.0,1.85,51.05,0
221.0,-3.03,49.18,0
224.0,0.51,52.41,1
221.0,-1.24,49.24,0
220.0,0.61,52.32,1
223.0,2.08,57.57,1
217.0,-0.98,53.14,0
223.0,0.96,42.2,0
224.0,2.33,49.14,1
222.0,6.08,53.54,1
219.0,-0.2,54.57,0
220.0,-2.69,44.76,0
219.0,-3.37,42.93,1
219.0,-2.64,42.51,0
218.0,0.02,50.35,1
222.0,3.56,46.4,1
216.0,-5.0,43.43,0
223.0,-0.33,45.23,1
221.0,-3.12,47.96,0
217.0,1.63,54.49,1
224.0,5.72,62.75,1
217.0,-6.96,42.63,0
219.0,2.26,49.25,1
220.0,-1.49,47.02,0
221.0,0.54,54.43,1
222.0,2.78,45.07,1
227.0,-1.55,49.87,1
224.0,1.73,52.15,0
220.0,3.17,55.82,1
223.0,-0.39,53.27,0
217.0,4.3,53.6,1
222.0,-1.59,51.32,0
216.0,-6.04,41.27,0
221.0,-8.91,44.38,1
223.0,-2.32,50.75,1
217.0,-4.86,41.66,0
218.0,-0.22,60.09,1
221.0,-2.4,48.97,0
219.0,2.35,57.5,1
215.0,-1.93,45.31,0
219.0,-0.05,50.64,1
218.0,-0.24,47.55,0
221.0,3.07,55.44,1
222.0,1.03,48.81,0
218.0,-3.44,53.17,1
222.0,3.23,56.38,1
223.0,-2.6,44.19,0
224.0,-1.65,44.71,0
223.0,1.52,52.47,1
217.0,-0.79,47.81,0
220.0,-1.84,50.25,1
216.0,-2.46,47.71,0
221.0,-1.46,45.8,1
221.0,-4.68,44.64,0
221.0,-5.45,44.25,0
218.0,-0.52,40.25,1
220.0,1.96,55.05,1
221.0,1.84,53.99,1
219.0,-0.13,46.7,0
221.0,1.29,48.14,1
224.0,2.02,51.21,1
221.0,0.24,49.82,0
219.0,1.46,58.09,1
220.0,-1.34,39.69,0
221.0,0.69,47.27,1
217.0,4.86,48.46,0
215.0,0.85,46.17,1
220.0,0.2,50.46,0
218.0,-1.17,49.8,0
224.0,1.8,56.11,1
222.0,-0.63,47.65,0
223.0,1.75,49.22,1
218.0,4.06,60.4,0
217.0,-0.86,48.08,0
224.0,2.2,44.39,1
223.0,-5.39,44.99,0
218.0,-5.39,49.05,1
217.0,-0.51,44.51,1
221.0,4.59,53.65,1
217.0,0.02,49.5,0
219.0,1.76,54.94,1
219.0,-1.47,43.36,0
215.0,-1.46,48.86,0
221.0,0.17,50.2,1
217.0,0.37,51.84,1
223.0,4.95,49.86,1
219.0,-6.27,36.2,0
215.0,-0.99,43.28,1
226.0,4.12,53.51,1
226.0,2.55,59.41,1
219.0,-2.18,50.32,0
221.0,0.38,54.97,1
222.0,-4.28,50.76,0
222.0,0.89,51.14,1
217.0,-3.61,47.74,0
215.0,1.56,51.37,0
221.0,1.58,52.44,1
224.0,-3.68,44.94,0
220.0,0.97,47.82,1
216.0,-1.64,50.32,0
221.0,5.59,56.31,1
221.0,2.94,59.34,1
222.0,-0.6,45.67,0
222.0,-2.79,54.02,0
223.0,-2.28,54.14,1
221.0,1.07,55.51,1
220.0,-1.33,48.44,0
219.0,1.54,51.17,1
217.0,-0.7,47.41,0
219.0,1.13,51.28,1
222.0,0.2,47.42,1
223.0,5.22,52.58,1
219.0,-3.48,43.12,0
226.0,-2.61,53.68,1
218.0,1.06,49.73,0
218.0,1.42,50.09,1
221.0,-0.29,53.04,0
224.0,1.67,51.09,1
219.0,3.52,55.92,0
219.0,-0.82,48.62,0
217.0,-1.23,48.02,1
217.0,-1.4,49.5,0
219.0,-2.99,42.69,0
217.0,-0.5,43.17,1
219.0,3.62,55.18,1
217.0,-3.28,50.97,0
221.0,6.02,60.9,1
217.0,0.88,50.8,0
222.0,-6.21,39.26,0
224.0,-3.09,47.56,1
222.0,-1.82,51.6,1
221.0,0.01,47.74,0
220.0,5.1,57.3,1
221.0,3.14,54.81,0
225.0,-2.99,42.27,0
215.0,3.6,47.26,1
225.0,2.99,49.74,1
225.0,3.83,54.42,1
223.0,-3.97,41.79,0
218.0,1.09,56.15,1
222.0,-0.39,42.31,0
224.0,6.07,56.4,1
224.0,-3.16,47.59,0
224.0,3.16,51.17,1
223.0,2.92,56.22,1
224.0,-1.15,54.43,0
213.0,2.46,54.91,1
217.0,-3.93,50.92,0
219.0,0.0,44.6,1
216.0,3.0,49.6,1
218.0,1.46,52.56,0
222.0,-0.26,44.92,0
222.0,-1.31,51.5,1
227.0,-5.61,41.04,0
223.0,3.96,57.96,1
218.0,3.34,52.12,0
220.0,0.41,50.93,1
221.0,1.47,48.82,1
217.0,1.06,50.75,0
216.0,3.62,50.18,1
219.0,4.53,58.23,1
222.0,3.5,53.84,0
219.0,4.92,53.21,0
219.0,3.87,53.8,0
222.0,-0.99,44.53,0
221.0,-0.38,51.25,1
226.0,1.71,56.18,1
221.0,2.33,50.38,0
218.0,-2.15,46.25,0
218.0,1.18,54.46,1
215.0,-2.15,45.68,0
223.0,-2.13,52.51,1
227.0,-4.29,46.88,1
221.0,2.33,47.84,1
217.0,1.04,47.89,0
222.0,1.21,50.05,1
222.0,-0.98,53.1,0
221.0,-6.08,40.78,0
218.0,2.01,51.57,1
216.0,2.19,52.71,0
216.0,-0.45,49.29,0
221.0,-2.31,49.17,1
217.0,-2.75,48.31,0
220.0,0.98,53.77,1
219.0,-3.43,52.03,0
216.0,-4.17,49.08,1
222.0,1.19,54.49,1
220.0,1.68,51.48,0
224.0,-2.65,50.22,0
218.0,0.51,55.55,1
221.0,0.1,52.94,1
223.0,-0.26,50.32,0
221.0,-0.86,51.22,0
226.0,4.45,57.1,1
217.0,2.08,48.41,0
225.0,-3.27,46.27,0
216.0,1.61,47.26,1
218.0,-1.13,42.93,0
221.0,-4.22,52.15,1
219.0,-4.74,47.92,0
227.0,0.81,47.22,1
216.0,-0.44,50.42,1
216.0,-3.25,41.53,0
221.0,-3.23,51.28,1
219.0,-1.36,49.14,1
224.0,2.14,50.55,1
226.0,5.88,55.89,1
220.0,1.02,45.27,0
217.0,1.39,46.27,0
219.0,-1.87,50.02,0
218.0,3.36,52.56,1
220.0,-1.27,49.72,0
221.0,1.91,48.87,1
223.0,4.13,56.66,1
223.0,-0.65,47.04,0
218.0,-0.41,52.07,1
221.0,1.21,54.68,1
219.0,-0.61,47.73,0
218.0,-0.15,51.2,1
219.0,-0.59,46.3,0
221.0,-0.42,49.02,1
222.0,2.02,55.01,1
218.0,-3.81,47.25,0
218.0,3.78,51.73,1
228.0,0.75,49.41,0
218.0,4.51,52.77,1
221.0,-0.22,49.58,0
217.0,-0.26,47.08,0
218.0,0.18,47.06,0
224.0,0.98,55.65,1
220.0,2.91,51.36,1
224.0,0.87,51.44,0
217.0,2.02,51.65,1
220.0,2.67,46.34,1
222.0,1.5,59.7,1
219.0,1.44,45.0,0
218.0,3.08,50.34,1
214.0,-0.56,51.63,0
220.0,2.64,56.0,1
222.0,1.83,46.41,0
224.0,-3.26,46.46,1
218.0,0.84,52.4,1
218.0,4.38,50.57,0
216.0,1.51,47.37,0
215.0,3.32,53.33,1
220.0,-0.66,40.1,0
216.0,-2.29,48.29,1
224.0,2.78,54.47,1
219.0,-1.8,52.88,0
216.0,6.58,53.24,1
224.0,4.68,60.22,1
216.0,-1.6,48.92,0
217.0,-0.02,48.44,1
224.0,-0.29,47.29,0
219.0,-2.8,49.3,0
216.0,0.91,50.49,1
216.0,-3.54,44.91,0
223.0,0.84,49.53,1
229.0,2.1,50.66,1
219.0,1.01,50.45,1
222.0,-1.39,46.51,0
221.0,-4.65,43.82,0
217.0,-1.24,53.25,1
220.0,-3.9,44.27,0
223.0,1.11,49.62,1
223.0,-0.38,50.61,1
221.0,3.08,51.38,1
223.0,-1.45,50.12,0
218.0,-2.1,50.76,0
224.0,-1.36,48.86,1
226.0,0.71,50.15,1
221.0,-1.07,52.6,0
219.0,2.72,49.65,1
225.0,0.22,44.55,0
217.0,-2.17,52.83,0
221.0,0.75,47.76,1
217.0,-0.26,54.81,0
220.0,-3.35,44.3,0
219.0,-5.7,43.79,0
215.0,-2.28,50.0,1
223.0,-1.05,53.89,1
218.0,-1.69,49.98,0
217.0,0.48,49.14,1
222.0,-0.24,47.76,1
217.0,-0.71,51.76,0
217.0,1.15,48.8,1
211.0,5.06,55.29,0
221.0,-1.03,53.46,1
216.0,3.11,54.97,0
222.0,-0.84,52.91,1
219.0,-1.77,47.9,0
222.0,-1.31,46.74,0
220.0,3.4,51.08,1
211.0,0.09,48.18,0
218.0,-1.46,45.0,0
219.0,0.5,52.11,1
225.0,-0.21,54.13,1
219.0,5.21,54.39,0
222.0,-5.28,45.9,0
222.0,-4.13,39.59,0
215.0,-0.68,48.35,1
220.0,-1.19,47.67,0
224.0,-6.57,52.27,1
222.0,-0.19,51.24,1
220.0,-2.58,51.09,0
217.0,-3.41,42.57,0
223.0,-4.69,41.56,0
221.0,0.18,51.31,1
221.0,0.85,45.34,0
217.0,1.75,55.02,1
223.0,-1.11,46.02,0
221.0,-2.37,44.1,0
221.0,0.66,50.7,1
222.0,3.86,59.71,1
220.0,-1.06,57.5,0
220.0,-2.78,47.29,0
220.0,4.62,53.16,1
222.0,-5.6,46.61,0
218.0,-1.83,52.6,1
217.0,-6.49,42.46,0
216.0,2.47,57.83,1
215.0,-0.51,50.22,0
218.0,3.32,52.89,1
219.0,-0.6,50.64,1
221.0,-0.92,45.47,0
220.0,2.07,51.38,0
217.0,-0.38,47.41,0
217.0,-1.05,55.91,1
224.0,-0.71,49.19,1
221.0,3.76,50.29,0
222.0,6.29,53.38,1
222.0,-2.98,46.98,0
221.0,1.07,51.25,1
221.0,5.22,52.76,1
222.0,-0.91,52.89,0
221.0,5.26,52.68,1
216.0,1.44,51.42,0
222.0,2.31,53.4,1
218.0,-2.4,47.8,0
220.0,0.99,48.72,0
218.0,-1.34,44.42,1
218.0,-1.3,52.88,1
220.0,-2.66,46.52,0
217.0,4.2,56.04,1
223.0,-1.66,46.91,0
221.0,-5.41,49.46,0
216.0,-2.48,50.98,1
220.0,1.8,50.13,1
217.0,5.37,51.32,1
223.0,-1.66,53.92,0
221.0,-2.17,50.89,0
222.0,0.71,52.14,1
220.0,-0.62,52.46,0
220.0,-0.32,44.9,0
223.0,-5.54,45.85,1
217.0,0.94,56.61,1
218.0,-1.51,49.86,0
220.0,-2.47,48.49,0
213.0,3.71,45.06,1
220.0,-4.7,46.52,0
219.0,-1.04,39.03,1
217.0,-0.79,58.26,1
222.0,4.03,49.21,1
222.0,0.31,55.07,1
225.0,-1.28,60.22,0
220.0,1.95,55.65,1
219.0,1.61,51.73,0
214.0,0.63,52.62,1
219.0,1.72,51.3,1
221.0,-5.95,45.75,0
223.0,2.79,46.68,1
213.0,-4.81,49.39,0
222.0,1.03,46.41,1
219.0,3.55,58.49,1
222.0,0.9,46.14,0
219.0,-3.84,44.85,0
219.0,3.84,55.43,1
221.0,-1.66,50.19,0
223.0,-1.79,44.62,0
220.0,5.55,53.19,1
221.0,-1.66,44.33,0
220.0,-6.77,45.5,0
220.0,0.46,49.08,1
222.0,5.72,53.16,1
220.0,3.46,55.87,0
222.0,0.03,53.43,0
221.0,0.82,48.3,1
220.0,-1.39,55.14,0
218.0,0.05,48.22,0
220.0,-4.61,45.32,0
223.0,-3.48,41.55,1
221.0,2.39,50.8,1
217.0,-0.63,54.66,0
219.0,4.33,56.14,1
219.0,4.71,59.06,0
218.0,-2.67,46.35,0
219.0,1.34,56.3,1
220.0,-4.44,46.31,0
223.0,-1.27,40.73,1
221.0,-1.14,38.24,0
220.0,-6.46,40.13,0
216.0,-1.05,49.2,1
222.0,0.96,63.67,1
221.0,-1.04,48.63,0
217.0,-1.01,52.61,1
221.0,-1.85,50.52,0
221.0,-5.05,40.55,0
218.0,0.7,51.73,1
223.0,2.16,56.04,1
218.0,-3.1,49.18,0
218.0,-1.35,50.85,1
220.0,-4.62,46.51,0
219.0,2.77,50.57,1
225.0,3.13,54.62,1
215.0,-4.94,43.67,0
219.0,-0.21,47.69,1
227.0,0.87,46.6,1
220.0,3.37,54.47,1
220.0,3.08,60.75,1
221.0,3.1,50.67,0
216.0,-5.14,43.53,0
221.0,6.53,58.45,1
219.0,1.81,58.92,0
220.0,-3.84,45.88,0
218.0,-9.83,45.08,0
220.0,3.57,51.66,1
219.0,-0.3,48.26,0
223.0,3.65,60.71,1
218.0,2.07,50.76,0
222.0,3.09,51.31,1
220.0,-0.44,51.3,0
217.0,-2.72,47.39,0
217.0,0.2,50.71,1
228.0,-0.27,52.85,1
219.0,-1.4,50.84,0
215.0,0.11,53.51,0
221.0,-2.97,54.59,0
223.0,-0.09,50.07,1
214.0,1.64,52.2,0
224.0,0.96,57.34,0
220.0,-2.55,50.87,0
218.0,-4.86,49.76,0
223.0,1.53,50.76,1
220.0,-1.34,52.26,1
225.0,-1.12,50.09,0
220.0,-1.2,46.49,0
223.0,1.79,59.49,1
216.0,0.65,48.27,0
217.0,0.68,50.44,1
220.0,-1.07,47.34,0
215.0,-0.64,48.28,0
222.0,-0.33,49.28,1
216.0,-1.54,53.36,1
218.0,-4.74,45.49,0
223.0,2.99,50.94,1
217.0,0.04,49.12,0
220.0,-5.35,47.21,1
217.0,0.31,47.61,1
219.0,0.69,47.5,0
218.0,4.47,54.41,1
221.0,-2.26,48.25,0
219.0,4.0,55.67,1
218.0,-6.2,44.45,0
223.0,-2.27,48.25,1
221.0,5.65,55.83,1
219.0,-1.14,53.64,0
218.0,4.35,53.6,1
221.0,-2.97,47.37,0
217.0,0.77,46.17,1
222.0,-1.23,47.54,0
219.0,1.5,53.85,1
215.0,3.41,54.37,1
222.0,1.33,46.6,1
220.0,5.29,51.94,0
222.0,-0.5,40.69,0
221.0,2.46,49.54,1
220.0,0.09,49.24,0
224.0,2.36,54.51,1
223.0,0.36,50.49,0
219.0,-0.9,48.15,0
215.0,2.72,46.38,1
222.0,3.86,59.24,1
223.0,0.31,55.13,0
221.0,-2.03,48.55,0
218.0,0.83,44.78,1
224.0,-0.03,49.63,0
224.0,1.16,54.24,1
222.0,3.72,52.95,1
222.0,0.43,55.34,0
222.0,-0.25,51.29,0
220.0,3.19,54.48,1
215.0,-5.52,45.92,0
219.0,-3.13,52.12,1
219.0,-1.1,45.4,1
218.0,5.47,61.71,1
216.0,-5.52,42.31,0
220.0,-0.09,51.57,1
219.0,-0.05,52.08,1
221.0,3.01,50.34,1
222.0,-2.76,46.93,0
221.0,0.09,51.45,1
223.0,-5.3,45.25,0
219.0,-1.5,43.45,0
215.0,3.37,53.75,1
219.0,3.2,46.64,0
215.0,-3.98,44.27,0
218.0,-0.4,50.67,1
214.0,2.17,46.13,0
217.0,-1.04,47.13,0
218.0,-0.81,57.73,1
220.0,6.45,54.66,1
220.0,-2.81,48.72,0
221.0,1.68,51.45,1
224.0,0.55,46.65,0
224.0,4.05,52.41,1
221.0,8.61,59.35,1
217.0,-3.23,46.57,0
224.0,-0.46,50.04,1
219.0,3.85,55.13,1
221.0,-3.46,45.91,0
218.0,-1.51,48.31,0
222.0,-2.32,46.85,1
220.0,-0.24,58.84,1
219.0,-2.29,45.85,0
220.0,-1.0,50.44,1
219.0,1.23,48.53,1
225.0,5.34,57.71,1
223.0,-3.7,46.22,0
216.0,-1.96,47.1,0
219.0,3.51,53.12,1
217.0,2.11,51.18,0
217.0,-1.49,46.13,0
219.0,1.43,47.83,1
221.0,3.33,53.24,1
222.0,-0.18,47.57,0
212.0,1.22,52.21,0
224.0,-5.03,37.64,0
220.0,-1.71,47.68,1
218.0,-0.35,46.76,0
221.0,3.62,50.36,1
223.0,-3.5,49.74,0
222.0,-4.12,42.7,0
216.0,-2.73,48.69,1
213.0,-3.16,49.11,1
223.0,-0.96,47.71,0
220.0,6.67,57.73,1
221.0,4.9,54.16,0
222.0,-1.34,49.59,0
217.0,-1.09,53.33,1
219.0,0.44,52.22,1
222.0,5.52,62.39,1
220.0,-1.16,51.3,0
221.0,-1.03,48.4,1
221.0,1.03,48.64,1
222.0,1.9,53.53,1
221.0,-2.18,52.82,0
221.0,3.11,53.27,1
221.0,-1.43,47.45,0
220.0,2.08,55.47,0
223.0,1.66,55.79,1
221.0,3.5,56.15,1
226.0,-4.09,47.76,0
219.0,-3.04,50.3,0
219.0,0.79,51.33,1
220.0,8.85,56.84,1
224.0,0.36,57.94,0
220.0,-4.26,46.76,0
214.0,-0.05,41.42,1
227.0,0.16,45.96,1
220.0,0.33,48.96,1
221.0,-5.35,42.23,0
221.0,6.54,54.4,1
217.0,0.19,50.62,0
222.0,1.52,52.96,1
219.0,1.43,49.23,0
224.0,-3.47,35.59,0
222.0,2.63,52.24,1
222.0,2.45,53.34,1
224.0,2.66,50.77,0
219.0,4.3,50.99,0
217.0,-3.77,45.16,0
222.0,-1.45,52.32,1
217.0,6.95,58.21,1
217.0,4.03,52.22,0
221.0,0.14,46.6,1
223.0,3.17,54.21,1
218.0,4.59,46.85,0
224.0,-1.23,50.97,0
219.0,-1.16,46.62,0
218.0,3.3,53.16,1
218.0,-0.25,50.33,1
215.0,5.35,55.34,1
219.0,1.98,48.38,0
222.0,-0.83,50.43,1
218.0,2.34,56.97,0
218.0,2.62,56.18,0
221.0,2.6,62.24,1
219.0,7.08,56.64,1
224.0,-1.02,48.72,0
223.0,2.78,55.36,1
222.0,-4.12,50.07,0
218.0,1.51,54.66,1
224.0,-0.49,50.17,0
218.0,-5.06,43.95,0
220.0,5.96,55.46,1
225.0,-0.56,51.1,0
221.0,-0.21,49.86,0
221.0,2.94,51.25,1
221.0,-5.53,43.32,0
220.0,1.15,51.63,1
216.0,-1.17,44.53,0
220.0,2.12,52.87,1
218.0,-3.41,51.2,0
219.0,-6.3,44.91,0
223.0,5.58,54.84,1
221.0,-0.32,47.49,0
220.0,-3.18,47.78,0
221.0,0.34,53.07,1
223.0,0.37,51.93,0
219.0,-3.37,53.71,0
220.0,-1.88,56.1,1
219.0,2.29,56.92,1
224.0,-2.8,40.74,0
220.0,-0.43,52.39,1
220.0,3.88,52.62,1
219.0,-3.56,50.15,0
220.0,0.56,58.26,1
220.0,2.79,46.48,0
224.0,-2.41,43.61,1
222.0,0.41,51.17,1
221.0,-0.89,51.08,0
220.0,-1.64,50.61,1
219.0,-2.84,42.49,0
226.0,0.44,54.46,1
219.0,1.95,51.49,1
220.0,0.69,47.86,0
220.0,-2.3,51.61,0
223.0,-1.4,55.8,1
221.0,-0.57,43.47,0
221.0,2.09,55.77,1
221.0,-3.81,48.92,0
226.0,1.69,53.66,1
223.0,-3.9,49.13,0
220.0,-0.09,49.05,1
221.0,2.15,50.36,1
223.0,2.02,51.47,1
217.0,2.51,48.64,1
218.0,0.83,55.03,1
216.0,0.99,47.54,0
219.0,-8.39,45.81,0
219.0,-4.3,38.48,1
219.0,-0.29,47.56,1
216.0,-3.13,38.67,0
227.0,3.22,52.12,1
218.0,-3.35,38.89,0
220.0,0.85,49.0,1
219.0,0.74,46.52,1
226.0,-2.47,42.44,0
220.0,-3.61,41.22,0
221.0,1.66,49.15,1
215.0,-4.78,46.02,0
221.0,1.5,56.56,1
221.0,0.85,42.82,0
221.0,-5.06,49.0,1
221.0,3.94,49.67,1
221.0,-2.5,49.78,0
221.0,-2.35,50.02,0
221.0,0.26,53.73,1
224.0,-2.45,47.26,0
220.0,2.25,54.64,1
217.0,-0.31,49.52,0
219.0,4.33,52.94,1
219.0,0.88,61.47,0
224.0,2.13,53.2,1
221.0,-5.1,49.82,0
216.0,6.61,56.85,1
220.0,-0.24,49.93,0
219.0,0.98,41.85,1
221.0,-1.15,42.65,0
221.0,2.17,50.45,0
217.0,-0.83,51.83,1
215.0,4.03,53.54,1
221.0,-6.64,49.2,0
222.0,-2.83,50.41,0
225.0,-1.32,48.11,1
219.0,-0.54,51.44,1
218.0,2.59,49.46,0
224.0,1.19,54.85,1
216.0,-1.75,45.33,0
219.0,1.11,48.12,0
213.0,-3.5,44.68,0
219.0,3.18,57.52,1
226.0,2.07,51.23,1
219.0,1.33,56.51,0
222.0,6.09,53.1,1
220.0,0.38,49.34,0
218.0,2.39,51.56,1
222.0,-0.51,51.42,0
216.0,1.7,58.87,1
215.0,-5.43,46.34,0
221.0,-3.96,46.37,0
221.0,-0.89,55.83,1
223.0,-0.42,49.63,0
223.0,2.73,50.04,0
219.0,-1.17,53.44,1
216.0,-1.08,49.78,0
217.0,0.94,51.35,1
219.0,-0.74,46.91,0
217.0,2.79,53.52,1
220.0,1.65,55.09,1
217.0,3.07,61.39,1
221.0,3.3,49.99,0
220.0,-0.42,52.76,0
221.0,-0.57,50.51,1
220.0,2.21,54.66,1
219.0,2.83,52.35,0
221.0,1.41,50.41,1
213.0,2.88,53.15,0
221.0,-4.12,37.74,0
222.0,2.58,48.93,1
221.0,3.33,51.74,1
217.0,0.78,51.48,0
218.0,-4.93,46.8,0
222.0,-0.04,46.32,0
221.0,1.17,53.75,1
221.0,7.24,62.33,1
218.0,-6.57,43.47,0
219.0,3.22,51.58,1
218.0,2.16,45.7,0
220.0,1.08,53.31,1
223.0,6.95,56.8,1
223.0,-4.88,47.59,0
224.0,-2.13,46.07,1
221.0,4.95,52.6,1
216.0,1.29,50.44,0
218.0,-0.71,46.85,0
218.0,-0.95,44.56,0
222.0,-3.32,43.35,0
216.0,1.47,51.02,1
226.0,-3.68,52.97,1
221.0,-2.86,51.97,1
223.0,4.35,55.63,1
216.0,-7.52,42.59,0
214.0,-0.18,53.12,1
218.0,1.49,49.22,0
220.0,-0.45,45.28,0
218.0,0.71,52.07,1
220.0,-1.7,46.41,0
220.0,-1.04,49.88,0
217.0,1.62,49.95,1
219.0,1.43,52.58,1
219.0,0.14,44.23,0
221.0,4.22,53.48,1
225.0,0.93,47.2,0
217.0,-0.34,54.58,1
220.0,2.65,52.06,0
218.0,2.49,54.44,0
223.0,-2.67,45.99,0
221.0,3.78,58.69,1
222.0,2.18,48.36,0
219.0,-0.67,53.59,1
221.0,-3.65,50.21,0
223.0,5.2,57.59,1
218.0,-2.49,47.21,0
221.0,3.7,54.21,1
219.0,-1.0,49.81,0
221.0,-0.07,53.91,1
220.0,-3.34,51.61,0
222.0,2.17,49.59,1
215.0,-1.1,40.72,0
216.0,2.67,54.9,1
225.0,6.78,62.26,1
220.0,0.91,52.61,0
218.0,1.69,52.11,1
223.0,0.64,53.63,0
220.0,2.75,50.22,0
216.0,-0.19,45.02,0
220.0,-0.66,48.67,1
226.0,-1.37,51.18,1
221.0,-5.42,56.0,0
218.0,2.35,57.9,1
219.0,1.41,50.4,0
222.0,-1.87,49.58,0
217.0,-1.63,53.57,1
219.0,-4.19,46.95,0
223.0,-2.55,48.0,1
222.0,0.01,48.54,1
218.0,-1.46,54.93,0
221.0,0.41,56.91,1
223.0,0.7,46.09,0
220.0,-0.11,50.67,1
223.0,2.34,52.21,1
219.0,7.96,62.93,1
217.0,2.49,55.11,0
221.0,0.94,46.25,0
222.0,1.4,45.95,0
215.0,-5.36,48.44,0
224.0,-3.89,48.56,1
220.0,-5.96,38.91,0
224.0,-6.1,39.38,0
220.0,2.85,51.45,1
220.0,-2.15,44.73,0
215.0,-2.0,44.42,0
218.0,-3.86,52.76,1
218.0,2.28,62.35,1
220.0,-2.73,43.28,0
225.0,-1.02,42.4,1
222.0,2.27,50.2,1
221.0,-2.29,50.31,0
228.0,-2.2,50.83,0
221.0,-2.9,44.96,1
221.0,2.31,51.97,1
221.0,-4.37,44.69,0
220.0,1.62,47.88,1
218.0,-1.62,52.25,0
220.0,1.12,48.51,1
218.0,1.42,40.68,0
225.0,-2.13,49.24,0
221.0,-5.42,45.07,0
219.0,3.62,52.02,1
220.0,-0.34,51.28,0
223.0,1.83,54.46,1
220.0,4.86,64.38,1
222.0,2.1,55.79,1
220.0,-0.38,59.71,0
217.0,-0.81,45.96,0
217.0,4.76,57.82,1
220.0,-3.53,47.03,0
218.0,4.42,54.55,1
224.0,3.77,51.61,1
220.0,0.4,58.78,0
222.0,-2.85,49.81,0
215.0,-3.55,46.93,0
223.0,-0.19,50.09,1
220.0,1.33,51.29,1
221.0,-1.63,49.18,0
223.0,1.77,51.13,1
224.0,-0.6,49.75,0
223.0,-3.73,42.04,0
217.0,-0.73,45.34,1
215.0,1.25,56.16,1
217.0,-0.04,56.91,0
219.0,-2.42,45.35,1
224.0,0.47,50.92,1
222.0,-0.18,52.25,1
220.0,5.03,58.69,1
218.0,2.97,56.36,0
219.0,1.16,52.5,0
221.0,1.85,48.45,1
218.0,-1.66,42.32,0
224.0,-0.15,52.09,1
217.0,0.08,49.79,0
218.0,0.98,55.94,1
220.0,0.71,52.32,0
218.0,2.44,55.6,1
215.0,-2.15,42.82,0
216.0,-1.53,41.7,0
219.0,3.52,55.59,1
219.0,0.37,54.56,0
218.0,-1.52,56.21,1
220.0,-1.34,48.58,0
222.0,0.82,50.64,1
215.0,5.94,51.46,1
220.0,-2.74,40.75,0
222.0,-3.42,51.45,0
221.0,0.87,53.29,1
224.0,3.71,51.16,1
220.0,1.57,58.07,0
221.0,0.56,50.82,1
223.0,-1.13,51.32,0
220.0,0.36,41.58,0
221.0,-4.48,45.11,0
219.0,-0.05,48.1,1
222.0,-8.18,37.31,0
217.0,-1.46,47.42,1
217.0,-6.22,44.64,0
224.0,6.0,58.08,1
218.0,1.14,47.41,0
221.0,0.94,51.56,0
220.0,2.14,55.31,1
219.0,-5.45,46.01,0
216.0,0.13,47.57,1
223.0,2.5,53.2,1
217.0,0.07,52.84,0
223.0,0.22,50.8,1
217.0,-3.68,48.61,0
214.0,8.27,52.82,1
219.0,-1.09,54.54,0
217.0,3.76,47.82,0
221.0,4.29,53.04,1
222.0,0.49,49.15,0
216.0,3.46,53.47,1
221.0,2.18,52.98,0
220.0,-0.42,51.93,0
220.0,-5.09,46.07,0
218.0,-0.58,50.33,0
218.0,3.0,53.49,1
223.0,-1.51,45.98,0
220.0,-3.29,46.34,0
218.0,-2.82,46.71,0
224.0,0.51,55.67,1
223.0,-2.03,50.26,1
220.0,-5.1,45.67,0
217.0,1.53,52.58,1
218.0,1.8,55.57,1
220.0,-2.28,52.53,0
220.0,5.63,56.11,1
218.0,5.66,55.33,1
224.0,-6.54,42.28,0
216.0,-0.59,50.25,1
222.0,-1.85,46.15,1
218.0,-10.97,30.21,0
222.0,5.36,57.01,1
218.0,-1.68,47.15,0
219.0,4.23,46.34,1
220.0,2.89,56.76,1
212.0,-1.89,49.92,0
216.0,-0.19,50.15,1
217.0,3.65,58.94,1
223.0,5.07,57.25,1
218.0,-1.87,50.67,0
218.0,-3.25,43.71,0
220.0,-2.71,43.62,1
222.0,0.25,49.88,1
218.0,-2.0,52.69,1
217.0,-1.44,44.98,0
222.0,0.87,56.83,1
223.0,-0.16,53.26,1
220.0,0.22,48.99,0
221.0,2.5,54.8,1
218.0,-1.65,47.56,0
214.0,-0.91,54.26,0
223.0,1.92,52.77,1
222.0,5.62,54.57,1
219.0,-1.35,48.31,0
216.0,-3.98,45.35,0
218.0,5.06,50.76,1
220.0,-2.7,45.67,0
222.0,0.07,46.9,1
213.0,0.93,48.66,0
219.0,-1.27,54.04,0
218.0,3.11,57.91,1
217.0,3.77,52.87,1
223.0,1.83,46.32,0
219.0,-2.74,47.12,0
221.0,-6.0,38.88,0
221.0,0.95,49.1,1
220.0,0.38,53.41,1
223.0,3.73,52.59,1
222.0,-1.51,49.02,0
224.0,2.94,45.92,1
221.0,2.39,47.14,0
216.0,0.26,46.28,0
219.0,-3.74,45.81,0
216.0,1.99,48.3,1
225.0,2.22,51.47,1
223.0,0.37,44.76,0
220.0,-2.85,41.84,0
222.0,7.55,56.16,1
215.0,-1.82,51.25,0
219.0,0.38,48.13,1
222.0,-0.41,47.19,1
223.0,2.26,49.29,1
218.0,5.59,61.35,1
223.0,1.76,50.7,0
221.0,1.83,49.38,0
218.0,-2.28,39.46,0
222.0,0.52,54.17,1
219.0,-3.18,49.14,0
221.0,2.22,49.81,1
222.0,-3.92,47.69,0
215.0,3.04,54.39,1
216.0,-3.59,49.09,0
222.0,-0.78,47.85,1
219.0,-2.72,45.79,0
220.0,-6.88,38.64,0
221.0,-2.06,38.94,1
218.0,1.42,50.12,1
220.0,-0.32,47.85,0
220.0,3.92,51.65,1
220.0,2.63,53.89,1
220.0,-2.87,46.24,0
218.0,2.49,55.15,1
213.0,2.9,50.96,0
220.0,1.7,55.35,1
221.0,-0.27,46.72,0
222.0,-4.0,47.51,1
219.0,2.52,47.02,1
220.0,3.11,53.51,1
222.0,2.21,58.89,1
221.0,2.65,52.78,0
217.0,-0.81,51.35,0
223.0,-1.91,49.72,0
224.0,1.78,53.52,1
216.0,-2.19,49.93,0
216.0,1.79,50.79,1
219.0,3.74,57.32,1
217.0,-4.05,47.86,0
220.0,-4.43,46.33,0
215.0,1.0,54.37,1
222.0,1.91,46.73,0
223.0,2.13,49.69,1
222.0,0.3,51.85,0
223.0,4.2,53.23,1
219.0,-0.56,49.01,0
218.0,-0.57,57.37,1
219.0,-3.09,50.63,0
222.0,-0.8,53.95,1
222.0,-2.81,44.58,0
222.0,0.61,48.88,1
218.0,-4.1,42.28,0
222.0,-3.43,48.73,1
220.0,4.36,59.55,1
223.0,-2.58,53.26,0
221.0,3.86,50.51,0
221.0,1.65,50.03,1
218.0,3.38,46.07,1
222.0,-0.21,51.9,0
218.0,1.5,49.03,1
220.0,-0.5,49.8,1
217.0,2.67,44.26,1
222.0,4.59,55.26,1
221.0,3.11,54.64,0
224.0,-1.83,46.65,0
225.0,3.13,53.79,1
223.0,-0.06,53.84,1
217.0,-0.37,46.0,0
219.0,1.01,52.42,1
218.0,-0.64,48.61,1
220.0,2.3,51.45,1
221.0,0.84,49.67,0
221.0,-1.18,49.26,0
221.0,1.03,55.54,1
215.0,1.5,54.62,1
221.0,1.44,53.47,1
222.0,-4.99,37.95,0
217.0,-0.47,45.67,1
218.0,1.31,46.33,1
219.0,4.69,49.38,1
221.0,-5.07,46.47,0
218.0,0.89,52.99,1
221.0,-1.64,46.86,0
227.0,-2.19,43.93,1
220.0,0.08,44.09,1
222.0,-0.89,45.5,0
218.0,-1.75,46.37,0
220.0,-2.0,46.07,0
219.0,3.01,58.05,1
220.0,-4.01,52.52,0
218.0,0.24,49.68,1
219.0,1.72,52.99,1
220.0,-2.2,54.43,0
225.0,2.32,46.92,1
214.0,3.48,47.56,0
221.0,-4.0,47.62,0
223.0,2.36,45.55,1
220.0,2.0,50.75,1
219.0,-2.67,50.09,0
220.0,0.18,47.7,1
221.0,0.5,53.43,1
218.0,2.21,55.25,0
216.0,4.08,48.34,0
219.0,-0.86,56.28,1
221.0,0.61,52.79,1
219.0,2.26,59.6,1
218.0,4.06,52.59,1
221.0,-1.5,43.37,0
222.0,3.64,63.66,1
226.0,-2.28,54.38,0
222.0,-0.58,37.03,0
221.0,3.69,50.89,1
223.0,-2.57,48.15,0
223.0,-3.93,34.02,0
222.0,2.55,56.55,1
218.0,2.81,47.86,1
216.0,7.34,56.94,0
221.0,2.7,48.46,0
225.0,-4.86,46.56,0
222.0,1.09,51.8,1
225.0,3.95,52.43,1
224.0,1.28,54.2,0
218.0,3.7,52.92,1
223.0,-2.72,47.32,0
220.0,-3.08,46.89,0
222.0,-2.13,47.06,1
219.0,-1.24,46.49,0
227.0,-2.22,50.55,1
219.0,-3.66,47.17,0
225.0,-1.88,46.36,1
220.0,1.53,46.46,1
220.0,0.5,52.0,0
222.0,0.48,40.47,1
221.0,-3.84,51.62,0
220.0,-1.24,45.53,1
219.0,-4.63,45.62,0
222.0,-1.26,40.87,1
225.0,3.83,57.27,1
220.0,-1.73,49.93,0
218.0,-0.66,54.82,1
223.0,-3.68,43.22,0
221.0,0.29,49.63,1
222.0,0.82,49.26,0
218.0,2.01,53.98,1
216.0,4.91,57.82,1
218.0,0.98,50.47,0
217.0,-0.11,51.24,0
219.0,-2.27,52.54,1
221.0,-4.37,38.05,0
222.0,2.0,57.34,1
218.0,0.83,53.51,0
220.0,3.85,52.86,1
219.0,1.36,53.21,0
217.0,-3.37,48.23,0
220.0,-0.84,48.05,0
220.0,-2.79,43.64,1
220.0,-1.88,48.84,1
219.0,4.63,53.31,1
219.0,-3.22,50.05,0
219.0,-6.58,48.95,0
218.0,-2.4,46.79,1
221.0,-2.83,47.26,0
219.0,4.86,53.57,1
223.0,-2.0,44.81,0
221.0,-0.24,54.11,1
218.0,-0.96,54.65,1
217.0,-1.86,43.06,0
223.0,3.67,50.23,1
220.0,-0.23,51.76,0
215.0,3.17,57.82,1
221.0,0.91,52.2,0
213.0,-2.11,46.4,0
220.0,1.04,55.94,1
219.0,-3.12,42.37,0
221.0,4.27,57.23,1
220.0,-2.93,49.9,0
216.0,-0.07,52.58,1
220.0,-0.59,53.48,0
222.0,-0.99,50.59,0
223.0,-0.23,44.98,1
220.0,1.32,45.71,1
221.0,3.06,50.86,1
219.0,-0.64,55.61,0
227.0,1.07,48.09,1
216.0,4.61,57.8,0
219.0,-4.83,52.54,0
220.0,-4.52,48.34,1
229.0,1.42,47.87,1
222.0,-1.22,47.91,0
222.0,-0.87,47.12,0
218.0,6.19,56.0,1
220.0,1.34,52.8,0
224.0,-0.81,54.12,0
222.0,0.74,44.3,1
222.0,3.02,51.78,0
221.0,-0.96,53.01,0
221.0,-2.78,48.27,0
222.0,-3.12,46.89,1
217.0,-1.36,55.18,1
222.0,0.03,49.37,1
220.0,2.98,48.01,1
217.0,2.3,51.62,0
222.0,2.68,54.76,1
217.0,1.73,49.33,1
218.0,-0.55,42.88,0
219.0,0.58,60.73,1
217.0,-0.27,52.18,0
217.0,0.7,47.24,1
220.0,-1.06,53.87,1
218.0,-1.24,45.87,0
222.0,3.51,53.35,1
226.0,-1.48,46.01,0
221.0,-0.88,49.17,1
220.0,3.32,56.29,1
216.0,-2.77,46.76,0
223.0,4.11,59.54,1
221.0,-3.92,47.29,0
221.0,-0.98,52.58,1
223.0,0.03,40.99,1
219.0,2.09,50.79,1
223.0,-2.3,45.82,0
223.0,1.86,56.53,1
217.0,-1.89,51.19,0
218.0,2.98,52.84,1
220.0,4.28,52.16,0
217.0,1.29,50.7,0
219.0,-2.49,50.37,0
219.0,-3.83,53.49,1
219.0,-2.34,48.09,0
218.0,-1.37,55.78,1
217.0,0.84,47.81,0
214.0,0.5,44.08,1
223.0,-1.51,44.85,0
222.0,-2.06,48.97,1
219.0,3.47,58.23,1
218.0,2.2,49.2,0
223.0,3.85,55.87,1
222.0,3.36,47.63,0
218.0,-0.81,45.19,0
222.0,-0.76,47.83,1
217.0,1.0,51.02,1
221.0,-4.51,48.18,0
220.0,-1.22,50.86,1
220.0,0.94,52.93,1
221.0,2.15,51.34,1
219.0,-0.9,49.34,0
217.0,-1.75,46.61,0
221.0,-5.45,46.93,0
223.0,0.84,55.6,1
223.0,-1.16,54.21,0
226.0,-3.9,45.1,0
215.0,-2.42,51.26,0
222.0,3.68,52.99,1
225.0,4.58,57.63,1
220.0,-0.13,47.3,0
224.0,-0.71,47.8,1
221.0,1.39,42.11,0
217.0,-1.08,41.82,0
220.0,-3.15,50.17,1
216.0,3.9,61.75,1
216.0,-3.16,44.53,0
219.0,-1.08,51.36,1
214.0,-0.61,52.77,0
222.0,0.8,51.44,0
219.0,3.19,44.99,1
218.0,-0.74,53.29,0
220.0,0.8,49.67,0
224.0,-4.9,43.23,0
220.0,-2.86,41.87,1
222.0,-2.0,48.53,1
223.0,2.2,52.95,1
219.0,-6.51,44.97,0
221.0,-3.33,49.11,1
222.0,4.17,47.46,1
220.0,-0.94,48.24,0
224.0,-5.08,47.72,0
216.0,3.31,51.45,1
219.0,1.85,54.0,1
217.0,3.45,55.73,1
226.0,3.34,48.14,0
215.0,0.08,48.24,0
220.0,0.99,51.89,1
222.0,-1.58,50.63,0
222.0,-4.36,45.41,1
219.0,-0.92,51.82,0
220.0,0.59,51.54,1
222.0,-0.25,45.4,0
218.0,-1.21,48.31,0
220.0,1.51,54.78,1
220.0,0.74,46.46,0
222.0,0.97,51.44,0
223.0,2.45,49.71,0
227.0,5.51,59.28,1
221.0,1.84,51.4,0
220.0,-4.61,44.93,0
220.0,-0.75,52.45,1
220.0,-5.37,44.76,0
221.0,1.86,48.72,1
220.0,-3.33,50.04,0
220.0,3.65,46.46,1
224.0,3.72,54.27,1
221.0,-1.32,52.5,0
224.0,5.2,50.87,1
217.0,-4.25,51.54,0
222.0,0.66,52.37,1
220.0,1.76,52.64,0
219.0,-1.85,47.79,0
219.0,-0.54,46.45,1
214.0,-4.33,47.62,0
219.0,0.0,61.71,1
223.0,-1.86,51.93,1
223.0,1.69,48.66,0
215.0,2.51,50.64,0
217.0,2.96,56.38,1
214.0,2.24,51.28,0
220.0,-5.48,32.43,0
223.0,-0.83,45.82,1
218.0,0.51,47.56,0
218.0,1.99,50.65,1
222.0,-5.76,49.92,0
222.0,-0.32,50.6,1
219.0,-5.18,51.38,0
219.0,-3.13,45.2,1
223.0,-1.93,46.69,0
224.0,-2.45,44.56,1
217.0,-2.54,41.53,1
219.0,1.53,46.08,1
217.0,5.9,56.31,1
219.0,3.34,49.87,0
221.0,-2.48,37.82,0
221.0,4.31,50.16,1
218.0,1.18,47.95,0
223.0,0.78,56.64,1
217.0,2.34,53.67,0
216.0,-1.35,48.6,0
225.0,1.61,51.61,1
214.0,1.56,58.53,0
218.0,0.34,58.65,0
216.0,1.23,60.96,1
220.0,-2.82,43.13,0
225.0,3.36,62.29,1
221.0,-1.83,46.36,0
218.0,5.27,55.19,1
223.0,-3.93,49.97,0
216.0,-0.72,51.96,1
217.0,2.11,51.65,1
221.0,-1.13,45.5,0
220.0,-1.83,52.08,1
224.0,-4.71,50.19,0
222.0,2.54,47.53,1
219.0,-2.54,50.05,0
222.0,-2.13,48.73,1
220.0,2.08,49.76,1
222.0,-5.64,46.43,0
217.0,-0.08,50.52,1
225.0,-4.74,43.8,0
221.0,-5.6,40.8,1
218.0,-0.29,45.2,0
221.0,-1.45,47.73,0
220.0,3.65,51.64,1
220.0,-2.26,42.28,0
222.0,1.53,49.86,1
222.0,-0.2,50.69,0
219.0,4.51,54.29,1
220.0,-5.76,48.85,0
222.0,1.19,42.47,1
219.0,-2.82,42.29,0
220.0,-3.07,44.87,1
217.0,-1.24,49.55,1
218.0,2.72,54.32,0
220.0,2.48,52.8,1
218.0,-0.79,51.01,0
223.0,-2.29,49.12,0
220.0,1.51,50.49,1
217.0,-2.16,48.95,0
217.0,2.24,48.87,1
220.0,-2.94,47.95,0
220.0,-2.92,46.67,1
217.0,-3.99,49.17,1
221.0,-1.04,59.42,1
223.0,2.99,46.97,0
225.0,-2.8,47.95,1
216.0,0.5,47.67,0
218.0,1.54,47.95,0
219.0,-0.5,49.8,1
226.0,0.64,52.0,0
215.0,2.05,50.06,0
218.0,-1.33,46.82,1
214.0,-6.78,46.39,0
217.0,0.18,53.03,1
223.0,3.61,59.91,1
217.0,-1.09,50.49,0
223.0,-3.53,48.87,1
216.0,0.53,48.34,0
216.0,1.32,50.94,0
220.0,-0.62,48.37,1
217.0,-5.7,45.13,0
220.0,-2.05,48.45,1
216.0,-0.22,46.41,1
222.0,-3.1,52.28,0
225.0,-5.31,42.14,0
218.0,2.36,48.7,1
217.0,3.3,52.07,1
217.0,1.13,53.87,0
218.0,3.82,54.81,1
220.0,1.73,58.63,1
210.0,0.57,45.53,0
220.0,0.98,48.08,1
224.0,0.87,47.78,0
220.0,-0.16,47.91,0
219.0,-1.8,51.26,0
218.0,0.23,47.14,1
216.0,-1.66,50.83,0
225.0,2.0,57.04,1
224.0,-3.56,46.23,0
220.0,-2.88,43.49,1
224.0,1.94,55.44,1
224.0,-2.09,56.17,0
218.0,-0.23,50.71,1
218.0,2.95,54.55,1
225.0,-0.85,53.85,1
219.0,0.9,49.4,0
217.0,-1.28,48.86,0
224.0,-3.02,50.57,0
222.0,4.42,53.71,1
221.0,-0.71,51.74,0
218.0,2.37,60.65,1
217.0,2.61,47.41,0
220.0,0.39,47.67,0
219.0,3.41,54.35,1
220.0,4.23,56.06,1
219.0,4.98,55.75,0
219.0,0.68,49.58,0
220.0,-0.1,46.75,1
220.0,1.96,55.18,0
220.0,2.99,53.46,1
219.0,-1.48,44.12,0
218.0,-2.36,45.39,1
220.0,-1.24,54.75,1
218.0,-0.63,50.09,0
216.0,-1.9,49.68,1
224.0,-3.53,46.8,1
216.0,-1.91,46.03,0
217.0,1.45,52.35,1
218.0,-1.58,51.88,0
218.0,0.16,49.22,1
218.0,1.03,47.07,0
220.0,-0.82,47.46,1
222.0,0.03,52.53,0
216.0,4.09,47.72,1
221.0,-6.9,40.48,0
224.0,-4.16,44.05,1
216.0,0.05,48.51,0
222.0,1.14,54.29,1
217.0,-0.74,42.77,0
213.0,-1.05,48.39,1
222.0,-0.97,47.86,1
217.0,1.06,52.09,0
216.0,-4.89,49.93,0
217.0,-1.06,49.37,1
216.0,-5.08,49.79,0
219.0,-0.97,48.48,1
217.0,-1.26,48.3,0
219.0,1.11,50.96,1
220.0,0.62,48.46,0
217.0,-4.33,43.51,0
215.0,-0.99,52.01,1
221.0,0.55,51.85,1
223.0,3.27,52.72,1
218.0,-0.31,50.18,0
218.0,4.07,51.04,1
221.0,-1.51,48.8,0
219.0,-1.17,47.42,0
225.0,-2.35,43.3,1
221.0,6.78,55.46,1
224.0,2.39,52.72,0
220.0,-2.58,43.61,0
214.0,-2.56,48.16,0
218.0,-7.54,46.03,0
217.0,-3.77,46.9,0
220.0,-0.74,58.54,1
220.0,1.26,52.5,1
217.0,0.82,48.2,1
221.0,1.09,48.3,0
219.0,1.98,53.4,0
222.0,-4.17,40.8,0
220.0,-1.16,50.91,0
216.0,4.38,56.75,1
221.0,-0.92,46.36,1
218.0,4.73,57.78,0
217.0,3.96,58.76,1
218.0,0.06,47.43,0
221.0,1.5,47.53,1
220.0,2.83,58.6,1
215.0,-1.56,51.1,0
220.0,-3.3,48.85,0
222.0,0.35,50.36,1
220.0,2.28,44.58,1
217.0,0.67,48.19,1
218.0,1.7,53.63,0
225.0,-4.51,45.43,0
218.0,4.95,49.41,1
216.0,0.07,51.2,0
220.0,-0.5,56.07,0
218.0,1.28,51.85,0
219.0,2.99,50.7,1
219.0,0.7,50.99,0
219.0,-4.42,38.5,0
215.0,-2.77,43.77,1
219.0,-1.12,49.89,1
217.0,-0.81,49.07,0
215.0,-6.73,41.71,0
216.0,0.03,57.05,1
219.0,-1.96,46.88,0
225.0,-3.93,45.73,1
219.0,-1.03,48.74,1
220.0,-3.33,50.9,0
217.0,2.01,50.62,1
224.0,-1.17,47.68,1
223.0,0.84,50.83,1
217.0,-6.18,46.25,0
221.0,-2.49,50.71,1
219.0,-4.18,42.85,0
221.0,1.69,50.65,1
223.0,-0.11,50.64,0
225.0,2.79,52.23,1
220.0,-4.36,44.51,0
223.0,2.36,52.64,1
222.0,-2.62,42.11,0
216.0,-1.81,51.81,1
222.0,-4.2,40.19,0
215.0,-2.3,49.53,1
222.0,-1.0,45.84,1
217.0,-0.53,51.53,0
220.0,-0.71,50.43,1
220.0,-2.18,53.31,0
219.0,0.73,46.18,1
220.0,-3.46,57.04,0
219.0,-5.43,47.74,0
217.0,-0.01,53.65,1
220.0,-3.63,45.6,0
222.0,-3.1,55.15,1
224.0,-3.33,54.19,1
219.0,5.24,57.22,1
217.0,-3.3,46.24,0
220.0,0.08,45.82,0
222.0,-2.26,51.78,1
216.0,1.36,49.63,1
219.0,-1.03,43.08,0
221.0,4.95,57.12,1
222.0,2.07,62.58,0
222.0,-3.4,44.48,0
219.0,-7.63,43.95,0
225.0,3.98,57.92,1
215.0,-0.57,52.01,1
217.0,-2.49,49.83,0
221.0,1.94,48.24,1
220.0,1.32,51.97,1
222.0,-3.78,45.7,0
216.0,-0.9,45.74,1
222.0,-0.3,51.38,1
222.0,3.16,53.1,1
224.0,-0.98,47.73,0
216.0,4.37,58.22,1
222.0,-2.31,44.32,0
224.0,-2.29,52.81,1
221.0,0.8,51.5,0
215.0,2.17,54.57,0
220.0,-0.09,49.36,0
223.0,-1.16,51.91,0
223.0,-4.59,42.66,0
218.0,0.62,50.77,1
218.0,0.53,50.52,0
220.0,1.21,47.29,1
221.0,0.48,48.88,1
221.0,0.15,47.07,1
216.0,-4.23,50.42,0
221.0,1.43,53.59,1
217.0,1.85,48.34,0
219.0,3.97,57.61,1
220.0,0.06,58.02,0
219.0,1.32,48.75,0
218.0,-2.12,45.66,0
217.0,2.77,51.45,1
217.0,-0.47,55.75,0
220.0,4.38,51.11,1
221.0,-0.03,52.52,0
219.0,0.18,49.67,0
214.0,4.07,49.8,1
218.0,0.4,48.79,0
216.0,0.01,51.77,1
220.0,-1.5,45.44,0
217.0,-0.45,50.1,1
223.0,1.01,54.28,1
221.0,1.05,48.21,0
218.0,0.3,54.19,0
218.0,2.25,46.49,0
222.0,-2.41,48.99,0
221.0,0.58,50.99,1
221.0,-4.77,43.16,0
224.0,3.87,49.44,1
218.0,0.0,49.74,0
217.0,2.5,53.86,1
219.0,2.66,64.13,1
220.0,-2.94,45.58,0
217.0,0.23,47.39,0
221.0,-0.66,50.09,0
221.0,7.04,57.42,1
226.0,-1.22,48.55,0
219.0,-1.89,50.46,0
220.0,-1.85,47.34,0
221.0,1.11,55.18,1
221.0,-1.56,46.54,0
219.0,-3.52,40.25,0
218.0,-2.88,42.07,1
218.0,2.5,53.11,1
222.0,-1.1,48.24,0
218.0,2.4,55.92,1
223.0,-0.86,51.57,1
218.0,0.18,53.79,1
219.0,-0.12,49.5,0
219.0,0.79,50.39,1
215.0,-4.08,48.05,0
217.0,-2.34,57.14,1
218.0,-0.39,53.01,1
217.0,6.7,52.58,1
225.0,-1.05,44.5,0
224.0,1.21,49.18,1
219.0,-1.28,46.81,0
219.0,0.36,50.69,1
218.0,-2.55,45.82,0
218.0,2.92,47.94,0
219.0,0.97,53.3,1
220.0,-1.13,47.31,0
228.0,1.51,55.45,1
224.0,-4.41,47.66,0
220.0,0.14,48.42,1
222.0,7.09,61.43,1
219.0,4.8,56.32,0
221.0,0.57,50.92,0
221.0,-3.41,43.86,0
219.0,-4.25,57.56,1
217.0,-1.54,46.82,1
218.0,2.86,52.73,1
218.0,0.33,51.14,0
215.0,0.67,46.84,0
221.0,-4.61,43.3,0
217.0,-1.56,49.92,1
219.0,-3.58,49.93,0
219.0,-0.64,55.42,1
221.0,0.74,51.46,0
218.0,1.98,54.64,1
217.0,1.06,63.29,0
215.0,6.17,51.06,1
222.0,-1.79,46.3,0
223.0,1.19,45.61,1
219.0,-4.56,50.87,1
221.0,0.22,56.94,1
219.0,-6.01,38.67,0
219.0,3.92,59.54,1
223.0,4.7,52.01,0
218.0,8.38,55.12,1
220.0,2.95,54.17,0
222.0,-2.32,47.3,0
216.0,-2.73,56.7,1
223.0,2.83,55.28,1
216.0,0.27,49.04,0
215.0,0.0,51.92,1
224.0,2.02,54.2,1
219.0,-3.45,45.37,0
218.0,3.69,51.89,1
218.0,3.51,47.51,0
222.0,1.02,47.62,1
220.0,-0.7,53.43,0
219.0,-2.72,51.41,1
220.0,5.38,54.44,1
217.0,5.11,51.1,0
220.0,-4.16,43.48,0
221.0,-1.3,49.14,1
219.0,-3.3,49.31,1
221.0,7.69,55.74,1
215.0,1.03,52.61,0
220.0,0.04,53.38,0
223.0,4.69,58.74,1
221.0,5.55,56.81,0
216.0,0.13,50.81,0
221.0,0.95,50.9,1
220.0,-0.11,55.02,1
227.0,-1.77,46.37,0
220.0,1.47,50.25,0
218.0,-1.77,45.35,0
221.0,0.67,46.31,1
223.0,2.32,52.99,1
222.0,2.6,51.27,0
218.0,-4.44,47.92,0
226.0,0.1,49.83,1
217.0,-3.64,45.46,0
213.0,2.84,51.84,1
221.0,-0.19,47.96,0
221.0,0.56,50.9,0
220.0,-0.79,55.87,1
220.0,1.37,55.51,1
220.0,0.13,52.47,0
223.0,-1.33,50.45,1
214.0,1.39,44.84,0
222.0,2.2,50.36,1
215.0,-1.3,45.67,0
218.0,1.16,51.87,1
224.0,-2.33,42.83,0
219.0,2.2,51.03,1
223.0,-1.1,58.89,1
221.0,-2.43,49.85,0
219.0,-3.3,45.08,0
218.0,-2.55,48.5,1
219.0,-0.87,42.75,1
219.0,-3.23,47.21,0
220.0,-0.17,48.43,1
218.0,5.24,55.44,1
222.0,4.74,56.7,1
221.0,-0.95,52.94,0
224.0,3.09,48.81,1
220.0,-3.27,41.13,0
223.0,-3.45,45.87,0
219.0,3.75,53.06,1
219.0,-0.83,49.25,0
220.0,-1.52,46.87,1
229.0,-3.25,43.89,0
218.0,1.53,48.0,1
221.0,1.03,53.64,1
217.0,-1.69,53.18,1
216.0,1.15,55.29,0
219.0,0.33,44.87,1
219.0,-4.13,47.67,0
221.0,-4.52,50.51,1
221.0,4.12,54.08,1
223.0,-2.15,47.68,0
221.0,2.24,55.36,1
221.0,-0.03,48.18,0
221.0,-0.52,49.81,1
223.0,-0.61,51.26,0
217.0,0.5,47.03,0
222.0,0.66,53.92,1
219.0,3.51,49.22,0
217.0,4.7,55.2,1
225.0,-2.48,56.22,0
219.0,-0.22,48.47,0
219.0,-1.78,52.47,0
218.0,0.44,52.86,1
220.0,4.29,51.48,1
225.0,-2.58,48.45,0
219.0,-0.18,48.89,0
223.0,1.33,50.96,1
219.0,-2.73,42.56,0
220.0,0.05,54.78,1
220.0,-0.11,47.13,0
219.0,2.66,51.23,1
220.0,3.79,53.28,1
218.0,5.34,56.5,1
219.0,1.87,48.23,0
220.0,5.79,58.75,1
224.0,-0.24,46.2,0
218.0,3.36,54.56,1
220.0,-2.13,51.43,0
219.0,1.76,44.09,0
217.0,-7.41,42.85,0
213.0,-3.93,46.47,1
224.0,-2.42,46.82,0
219.0,-1.52,52.0,1
220.0,-2.55,47.54,1
220.0,-0.16,49.79,1
223.0,-4.09,47.28,0
214.0,-2.74,46.25,1
224.0,-2.07,45.33,1
220.0,1.74,52.54,1
216.0,0.22,49.06,0
221.0,3.75,55.75,1
221.0,-4.41,53.54,0
217.0,3.31,67.59,1
227.0,-3.55,50.17,0
221.0,-2.45,49.38,0
219.0,3.09,52.38,1
223.0,0.51,46.77,0
218.0,-2.83,47.31,0
224.0,-3.97,49.64,0
221.0,2.29,51.03,1
218.0,6.29,53.74,1
216.0,3.64,54.16,0
216.0,-1.59,47.31,0
219.0,2.11,59.61,1
221.0,0.1,45.0,0
218.0,-5.39,41.23,0
225.0,-6.04,42.3,1
220.0,-1.2,52.44,1
219.0,-0.29,49.26,0
218.0,-0.38,46.88,0
218.0,0.61,48.46,1
213.0,2.19,59.75,1
225.0,4.39,60.69,1
217.0,-4.55,42.77,0
219.0,3.56,54.81,1
214.0,1.18,51.6,0
223.0,2.27,52.9,1
220.0,-0.11,49.98,0
221.0,-1.33,46.43,0
224.0,-0.69,48.4,1
221.0,-0.18,52.31,1
224.0,2.13,52.23,1
220.0,0.58,46.86,0
221.0,-2.12,48.09,1
223.0,3.1,49.02,1
222.0,-2.11,43.53,0
225.0,2.1,51.24,1
218.0,-2.32,48.65,0
217.0,-0.87,47.39,0
221.0,-0.17,53.56,1
219.0,1.17,48.09,0
214.0,-0.38,45.26,0
219.0,-2.51,51.51,1
217.0,-3.87,48.56,0
218.0,-0.94,49.89,1
219.0,1.35,59.77,1
217.0,-0.49,44.01,0
220.0,7.11,58.67,1
222.0,-3.38,45.76,0
219.0,-3.0,41.43,0
223.0,-2.11,51.73,1
222.0,-1.07,48.89,1
222.0,-1.54,51.79,0
221.0,0.32,48.81,0
222.0,0.56,56.45,1
217.0,-0.47,57.2,0
221.0,-2.31,51.05,1
222.0,-5.18,41.29,0
221.0,2.72,52.89,1
221.0,1.34,46.36,0
211.0,3.26,56.17,1
222.0,-4.63,48.62,0
219.0,-1.72,48.38,0
218.0,-0.27,43.9,0
220.0,-2.65,52.78,1
221.0,-1.37,46.32,1
221.0,5.87,57.28,1
221.0,-0.3,42.04,0
223.0,-0.14,49.61,0
217.0,-0.56,52.31,1
217.0,-1.92,45.58,0
218.0,2.97,59.5,1
220.0,1.65,50.77,0
217.0,0.97,46.28,0
215.0,2.15,51.25,1
224.0,-1.16,45.7,0
222.0,-1.08,46.2,0
217.0,2.53,49.31,1
224.0,-5.31,49.79,0
224.0,-0.43,50.93,1
221.0,3.22,48.49,1
216.0,-0.52,46.29,0
218.0,-3.2,54.42,1
224.0,-2.9,49.05,0
220.0,1.2,48.06,1
215.0,-1.88,46.96,1
224.0,-1.84,50.6,0
219.0,-4.57,47.97,1
218.0,1.03,43.57,0
220.0,5.77,52.84,1
226.0,4.31,50.91,0
225.0,0.56,49.3,1
217.0,2.46,52.86,0
223.0,0.57,51.64,1
223.0,3.26,52.69,0
227.0,3.88,50.76,0
222.0,2.09,47.32,1
223.0,-1.29,54.42,0
219.0,0.19,48.71,1
220.0,0.79,50.7,1
218.0,-0.1,44.17,0
222.0,-2.4,48.5,1
225.0,-2.01,47.09,0
224.0,0.15,53.78,1
219.0,0.91,51.15,0
222.0,-1.1,51.23,1
220.0,2.24,56.07,1
225.0,-2.13,46.82,0
219.0,3.0,55.71,1
217.0,-2.37,42.61,0
214.0,1.64,57.73,1
220.0,-1.69,43.34,0
222.0,-0.35,49.51,1
220.0,-0.2,46.95,1
218.0,1.94,54.69,1
220.0,-1.87,50.85,0
220.0,-1.05,47.31,0
218.0,-0.71,45.32,1
221.0,1.4,47.8,1
220.0,2.68,52.3,1
224.0,0.63,56.37,0
220.0,4.59,49.46,1
219.0,-4.97,49.85,0
221.0,3.01,48.99,1
212.0,-1.73,55.11,0
220.0,1.22,58.07,1
222.0,1.75,52.56,1
221.0,8.44,60.68,1
219.0,3.34,49.98,0
219.0,-2.45,49.17,0
219.0,2.69,43.84,1
215.0,0.57,52.59,1
224.0,0.85,51.08,1
218.0,0.3,44.31,0
222.0,-3.59,49.34,1
226.0,-2.85,46.47,1
220.0,-4.94,42.0,0
223.0,-3.28,43.99,1
222.0,1.2,47.85,1
221.0,5.04,58.97,1
220.0,-5.05,48.9,0
216.0,-3.94,46.73,1
221.0,0.23,53.72,1
221.0,3.07,51.66,0
222.0,-0.78,53.54,1
218.0,0.71,51.42,0
223.0,2.82,53.66,1
222.0,1.52,57.56,0
218.0,0.97,50.25,0
216.0,-2.43,47.14,0
217.0,1.97,49.52,1
221.0,0.47,45.67,0
214.0,3.93,55.06,1
217.0,2.8,59.01,1
224.0,-2.76,48.79,0
216.0,1.54,47.72,1
216.0,-0.5,49.3,0
218.0,2.59,50.65,1
223.0,1.54,55.99,1
221.0,1.05,48.02,0
221.0,3.15,51.73,1
224.0,0.32,47.93,0
217.0,3.42,57.42,1
219.0,3.33,50.89,0
222.0,-0.18,49.25,0
217.0,3.58,54.83,1
216.0,3.23,57.22,1
218.0,-7.86,43.1,0
219.0,0.06,53.34,1
219.0,1.25,48.2,0
221.0,-2.45,49.1,0
220.0,-0.16,52.09,1
220.0,2.8,51.46,1
222.0,-8.68,35.24,0
214.0,0.39,56.87,1
225.0,-5.12,45.21,0
221.0,2.46,48.61,1
222.0,-0.32,48.03,1
217.0,-2.32,45.9,0
218.0,1.88,50.91,1
216.0,-2.77,52.25,0
222.0,0.95,52.67,1
219.0,3.36,45.73,0
218.0,-0.4,51.54,1
222.0,3.64,59.18,1
221.0,-0.22,49.11,0
220.0,-0.05,43.29,0
220.0,5.91,55.69,1
221.0,1.09,47.11,0
217.0,-3.14,44.55,0
224.0,-1.21,49.72,1
217.0,0.46,49.2,0
220.0,0.27,50.22,1
224.0,3.57,53.05,1
221.0,0.69,45.79,0
224.0,-5.5,46.83,0
214.0,2.0,56.39,1
218.0,3.72,52.55,1
218.0,-2.66,50.45,0
218.0,-0.24,52.86,0
225.0,-1.86,50.79,1
217.0,0.63,47.73,1
219.0,2.95,52.6,1
224.0,1.03,48.81,0
224.0,1.66,51.77,1
217.0,2.98,53.0,0
220.0,-0.21,54.08,1
220.0,-1.57,47.31,0
222.0,0.71,53.46,1
219.0,3.36,55.96,1
226.0,-1.41,53.6,0
220.0,-6.68,41.35,0
216.0,-1.94,47.58,1
225.0,2.73,57.07,1
223.0,1.92,48.52,0
221.0,-1.77,47.43,0
216.0,-0.25,46.96,0
219.0,-0.38,43.63,1
226.0,-0.4,48.01,0
225.0,0.62,47.83,1
220.0,6.61,56.59,1
216.0,-3.17,50.04,0
218.0,-3.69,50.92,0
221.0,-0.76,50.55,1
218.0,-0.74,50.28,1
219.0,3.53,48.02,0
220.0,0.34,49.6,1
225.0,-4.94,45.09,0
226.0,-1.97,45.46,1
214.0,0.17,59.66,1
221.0,-5.08,48.15,0
220.0,2.34,50.73,1
218.0,-2.31,48.49,0
222.0,2.16,50.82,1
221.0,2.42,48.56,1
222.0,-2.05,40.12,0
219.0,-2.69,47.23,0
218.0,0.81,45.61,1
219.0,-4.27,51.02,0
218.0,-0.47,49.69,1
218.0,-3.58,51.86,0
223.0,-0.47,50.34,1
219.0,-2.93,56.41,1
218.0,-1.11,50.03,0
221.0,-0.68,47.36,0
221.0,4.83,50.58,1
217.0,-1.24,49.72,0
221.0,3.6,48.15,1
221.0,-3.27,46.61,0
222.0,2.16,47.55,1
217.0,-1.66,43.63,0
217.0,3.27,53.74,1
224.0,-0.78,50.05,0
221.0,1.38,48.33,0
222.0,-0.65,49.08,0
221.0,1.97,52.31,1
225.0,3.03,49.78,1
217.0,2.71,56.97,1
222.0,0.82,50.63,0
217.0,-4.3,47.65,0
221.0,-0.62,50.83,1
221.0,3.15,49.27,1
216.0,3.85,52.55,0
223.0,-3.66,48.11,0
217.0,-1.17,51.74,1
217.0,-1.99,53.08,1
216.0,-4.34,41.64,0
219.0,-8.33,38.14,0
220.0,1.34,52.8,1
220.0,0.51,55.73,0
219.0,-1.62,52.36,0
218.0,3.66,51.64,1
226.0,-1.98,48.43,0
214.0,-0.44,47.74,0
218.0,-0.91,44.68,1
224.0,-0.26,51.79,1
220.0,-3.07,46.88,0
222.0,-3.56,46.36,1
220.0,-0.17,53.22,1
226.0,6.41,58.06,1
217.0,1.51,53.48,0
217.0,-4.84,43.37,0
224.0,2.53,49.83,1
223.0,-1.61,52.48,0
216.0,-1.1,46.8,0
217.0,-2.32,51.66,1
221.0,-2.75,50.45,0
222.0,-1.57,54.72,1
220.0,-0.72,50.06,1
221.0,1.11,47.93,1
221.0,3.8,51.09,1
217.0,-4.31,51.62,0
216.0,-0.13,48.3,1
220.0,6.16,53.57,1
217.0,3.7,59.32,0
218.0,-0.5,51.61,0
222.0,0.28,51.01,0
214.0,-4.11,46.27,0
220.0,-3.04,43.39,1
221.0,0.5,50.53,1
220.0,-0.07,45.62,0
224.0,-2.62,50.61,1
221.0,-4.8,47.61,0
221.0,0.49,49.06,1
216.0,0.11,47.94,0
223.0,5.58,53.05,1
218.0,-3.1,42.9,0
216.0,-4.28,42.67,1
217.0,-1.48,50.98,1
219.0,-0.29,53.73,1
220.0,2.15,48.85,0
222.0,2.88,53.58,1
218.0,6.98,56.94,1
218.0,-3.04,48.84,0
219.0,-0.72,44.32,1
223.0,-2.37,51.33,0
222.0,0.23,55.22,1
225.0,2.17,56.51,1
217.0,-1.78,51.3,0
218.0,-6.05,41.95,0
218.0,-3.67,52.65,1
219.0,1.95,54.56,1
219.0,-0.69,48.66,1
219.0,-4.87,33.38,0
215.0,4.03,57.77,1
219.0,1.89,52.86,0
216.0,-3.31,46.84,0
216.0,2.82,53.49,1
215.0,-0.19,51.18,0
222.0,-1.69,48.34,1
223.0,3.35,55.23,1
221.0,5.07,54.18,0
216.0,-1.52,49.12,0
221.0,-0.83,50.56,1
222.0,3.42,55.89,1
222.0,-1.02,48.4,0
223.0,-2.99,49.94,1
219.0,2.12,48.89,0
221.0,0.3,52.0,1
221.0,0.66,48.92,1
222.0,1.37,52.84,1
220.0,-1.78,46.08,0
220.0,-0.06,50.75,1
224.0,-3.19,48.17,0
218.0,-0.3,50.71,1
226.0,-1.06,46.39,0
220.0,-2.47,43.3,0
221.0,-3.69,50.69,1
226.0,0.38,48.59,1
217.0,-1.47,51.88,1
221.0,-1.65,49.4,0
223.0,2.87,56.94,1
221.0,-0.39,46.24,0
223.0,-0.02,44.7,0
220.0,3.0,54.0,1
221.0,-1.53,47.59,0
220.0,-4.72,49.59,0
221.0,-1.91,46.6,0
220.0,-0.14,53.08,1
221.0,-4.83,45.39,0
220.0,-2.47,49.25,1
221.0,4.85,57.58,1
219.0,-0.44,56.68,0
220.0,3.76,47.04,0
216.0,-0.51,49.66,0
218.0,0.84,47.88,0
217.0,0.6,52.61,1
219.0,-1.67,45.67,0
221.0,1.18,51.66,0
222.0,1.66,56.45,1
220.0,-1.98,44.86,0
218.0,1.43,55.55,1
220.0,1.69,53.46,1
223.0,3.86,49.92,1
215.0,2.33,52.71,0
220.0,-0.77,52.47,0
219.0,-5.21,41.42,0
219.0,1.23,54.42,1
222.0,-2.7,47.26,0
218.0,0.83,44.82,0
219.0,3.01,54.17,1
218.0,-1.78,49.69,0
217.0,4.09,59.7,1
225.0,5.11,53.34,1
222.0,-0.59,48.79,0
220.0,-4.09,46.28,0
215.0,1.01,56.27,1
219.0,2.31,51.0,0
220.0,2.13,53.05,1
219.0,1.61,53.92,0
221.0,-0.76,47.07,0
218.0,0.73,54.03,1
220.0,-1.11,47.42,0
219.0,0.42,48.57,1
216.0,2.85,50.66,0
228.0,2.22,46.9,1
224.0,2.18,48.82,0
219.0,0.0,46.25,0
219.0,-0.71,52.4,1
221.0,-0.19,45.52,0
225.0,-0.67,53.41,1
218.0,6.19,53.76,0
223.0,5.59,56.49,1
221.0,-2.07,53.89,0
220.0,2.85,57.45,1
217.0,0.5,43.75,0
220.0,3.86,51.79,1
217.0,1.4,48.33,1
215.0,2.97,50.88,1
223.0,2.69,54.64,0
224.0,-5.55,44.74,0
219.0,-3.64,45.98,0
216.0,1.31,47.1,1
215.0,1.86,47.56,1
220.0,-5.32,45.5,0
219.0,-4.6,49.81,0
219.0,-2.0,47.33,1
218.0,-0.3,49.98,1
219.0,0.21,47.48,1
224.0,-0.24,59.29,1
221.0,-0.68,44.53,0
220.0,-3.86,44.3,1
222.0,3.29,54.72,1
222.0,0.64,53.2,0
225.0,-2.17,49.14,0
219.0,-1.58,50.6,1
220.0,-4.49,50.67,0
225.0,0.14,52.68,1
221.0,-2.27,48.22,0
219.0,-2.67,49.23,0
219.0,-4.07,46.32,0
226.0,-4.34,42.5,1
219.0,0.68,53.74,1
217.0,4.32,56.37,1
220.0,2.64,52.74,0
213.0,-2.53,51.17,0
222.0,0.74,53.07,1
226.0,1.32,44.6,1
221.0,1.51,54.58,0
224.0,-2.13,50.66,0
219.0,0.68,48.27,1
228.0,1.87,50.58,1
220.0,2.95,58.27,1
218.0,2.26,50.07,0
221.0,2.48,52.71,0
216.0,5.2,50.76,1
224.0,2.9,51.9,0
221.0,0.57,40.84,0
223.0,4.49,51.17,1
220.0,-0.73,49.73,0
227.0,-2.84,49.43,1
222.0,3.04,52.45,1
217.0,-0.81,44.74,0
224.0,4.37,58.02,1
223.0,4.02,50.77,1
219.0,0.46,46.5,0
216.0,-5.73,42.84,0
220.0,2.21,43.95,1
222.0,1.9,48.41,0
220.0,1.1,53.24,0
224.0,-2.7,46.17,1
221.0,2.39,48.12,1
224.0,-0.5,49.5,0
223.0,6.25,60.0,1
221.0,-0.25,42.12,0
225.0,1.18,43.6,1
221.0,-2.83,48.3,0
214.0,-1.58,50.51,0
221.0,-3.81,49.28,1
220.0,0.75,49.1,1
223.0,1.65,50.71,0
220.0,1.08,46.02,0
218.0,6.57,57.48,1
214.0,2.61,51.52,0
219.0,-0.16,45.12,1
219.0,4.39,52.91,1
222.0,-1.2,45.6,0
218.0,-2.52,48.33,1
219.0,2.04,51.75,1
217.0,2.9,58.18,0
219.0,-2.36,48.45,0
219.0,-2.02,48.34,1
